route_name,route_link,bus_name,bus_type,departure_time,duration,arrival_time,price,star_rating,seats_availability
"Vijayawada to Hyderabad
From INR 414",https://www.redbus.in/bus-tickets/vijayawada-to-hyderabad,IntrCity SmartBus,A/C Seater / Sleeper (2+1),23:45,06h 15m,06:00,633,4.6,6 Seats available
"Vijayawada to Hyderabad
From INR 414",https://www.redbus.in/bus-tickets/vijayawada-to-hyderabad,FRESHBUS,Electric A/C Seater (2+2),22:30,06h 50m,05:20,730,4.6,13 Seats available
"Vijayawada to Hyderabad
From INR 414",https://www.redbus.in/bus-tickets/vijayawada-to-hyderabad,IntrCity SmartBus,A/C Seater / Sleeper (2+1),23:25,07h 00m,06:25,600,4.5,6 Seats available
"Vijayawada to Hyderabad
From INR 414",https://www.redbus.in/bus-tickets/vijayawada-to-hyderabad,N/A,N/A,N/A,N/A,N/A,N/A,N/A,18 Seats available
"Vijayawada to Hyderabad
From INR 414",https://www.redbus.in/bus-tickets/vijayawada-to-hyderabad,N/A,N/A,N/A,N/A,N/A,N/A,N/A,11 Seats available
"Hyderabad to Vijayawada
From INR 367",https://www.redbus.in/bus-tickets/hyderabad-to-vijayawada,IntrCity SmartBus,A/C Seater / Sleeper (2+1),22:45,06h 50m,05:35,364,4.6,15 Seats available
"Hyderabad to Vijayawada
From INR 367",https://www.redbus.in/bus-tickets/hyderabad-to-vijayawada,FRESHBUS,Electric A/C Seater (2+2),23:00,06h 55m,05:55,480,4.6,18 Seats available
"Hyderabad to Vijayawada
From INR 367",https://www.redbus.in/bus-tickets/hyderabad-to-vijayawada,N/A,N/A,N/A,N/A,N/A,N/A,N/A,11 Seats available
"Hyderabad to Vijayawada
From INR 367",https://www.redbus.in/bus-tickets/hyderabad-to-vijayawada,N/A,N/A,N/A,N/A,N/A,N/A,N/A,21 Seats available
"Hyderabad to Vijayawada
From INR 367",https://www.redbus.in/bus-tickets/hyderabad-to-vijayawada,N/A,N/A,N/A,N/A,N/A,N/A,N/A,13 Seats available
"Kakinada to Visakhapatnam
From INR 239",https://www.redbus.in/bus-tickets/kakinada-to-visakhapatnam,Vahini Travels,NON A/C Push Back (2+2),23:55,04h 05m,04:00,444,3.8,7 Seats available
"Visakhapatnam to Kakinada
From INR 239",https://www.redbus.in/bus-tickets/visakhapatnam-to-kakinada,Sri Tulasi Tours and Travels,Non A/C Seater / Sleeper (2+1),22:00,03h 30m,01:30,599,3.4,13 Seats available
"Visakhapatnam to Kakinada
From INR 239",https://www.redbus.in/bus-tickets/visakhapatnam-to-kakinada,Sai RK Travels,Non A/C Seater / Sleeper (2+1),22:40,03h 50m,02:30,499,3.4,11 Seats available
"Visakhapatnam to Kakinada
From INR 239",https://www.redbus.in/bus-tickets/visakhapatnam-to-kakinada,Navayuga Travels,A/C Sleeper (2+1),22:00,04h 10m,02:10,1090,3.5,5 Seats available
"Chittoor (Andhra Pradesh) to Bangalore
From INR 186",https://www.redbus.in/bus-tickets/chittoor-andhra-pradesh-to-bangalore,APSRTC - 5528,Super Luxury (Non AC Seater 2+2 Push Back),23:59,05h 16m,05:15,304,4.3,2 Seats available
"Chittoor (Andhra Pradesh) to Bangalore
From INR 186",https://www.redbus.in/bus-tickets/chittoor-andhra-pradesh-to-bangalore,NueGo,Electric A/C Seater (2+2),23:30,04h 40m,04:10,604,4.6,3 Seats available
"Chittoor (Andhra Pradesh) to Bangalore
From INR 186",https://www.redbus.in/bus-tickets/chittoor-andhra-pradesh-to-bangalore,Sai Sindhu Travels,A/C Classy Seater (2+2),00:30,04h 00m,04:30,600,3.2,22 Seats available
"Chittoor (Andhra Pradesh) to Bangalore
From INR 186",https://www.redbus.in/bus-tickets/chittoor-andhra-pradesh-to-bangalore,Varsha Travels,AC Seater (2+2),23:30,04h 45m,04:15,599,1.0,22 Seats available
"Chittoor (Andhra Pradesh) to Bangalore
From INR 186",https://www.redbus.in/bus-tickets/chittoor-andhra-pradesh-to-bangalore,Varsha Travels,A/C Sleeper (2+1),23:45,05h 15m,05:00,1999,1.0,30 Seats available
"Kadapa to Bangalore
From INR 412",https://www.redbus.in/bus-tickets/kadapa-to-bangalore,APSRTC - 5272,Super Luxury (Non AC Seater 2+2 Push Back),23:50,06h 10m,06:00,439,3.4,2 Seats available
"Kadapa to Bangalore
From INR 412",https://www.redbus.in/bus-tickets/kadapa-to-bangalore,HARITHA TRAVELS,Non A/C Seater / Sleeper (2+1),23:00,06h 25m,05:25,1000,3.8,3 Seats available
"Kadapa to Bangalore
From INR 412",https://www.redbus.in/bus-tickets/kadapa-to-bangalore,HARITHA TRAVELS,A/C Seater / Sleeper (2+1),23:00,06h 25m,05:25,997,3.7,32 Seats available
"Kadapa to Bangalore
From INR 412",https://www.redbus.in/bus-tickets/kadapa-to-bangalore,BHAIRAVA TOURS AND TRAVELS,Non A/C Seater / Sleeper (2+1),23:45,06h 45m,06:30,899,3.9,9 Seats available
"Kadapa to Bangalore
From INR 412",https://www.redbus.in/bus-tickets/kadapa-to-bangalore,Sri Vengamamba Bus Transport (SVBT),Non A/C Seater / Sleeper (2+1),23:55,05h 05m,05:00,825,3.7,1 Seat available
"Anantapur (andhra pradesh) to Bangalore
From INR 307",https://www.redbus.in/bus-tickets/ananthapur-to-bangalore,TSRTC - 1001,LAHARI A/C SLEEPER CUM SEATER,23:35,03h 45m,03:20,494,2.5,5 Seats available
"Anantapur (andhra pradesh) to Bangalore
From INR 307",https://www.redbus.in/bus-tickets/ananthapur-to-bangalore,YAS TOURS AND TRAVELS,Volvo Multi Axle A/C Sleeper I-Shift B11R (2+1),20:25,03h 20m,23:45,900,4.7,3 Seats available
"Anantapur (andhra pradesh) to Bangalore
From INR 307",https://www.redbus.in/bus-tickets/ananthapur-to-bangalore,Kallada Travels (Suresh Kallada),Volvo Multi-Axle I-Shift A/C Semi Sleeper (2+2),21:25,03h 00m,00:25,700,3.7,28 Seats available
"Anantapur (andhra pradesh) to Bangalore
From INR 307",https://www.redbus.in/bus-tickets/ananthapur-to-bangalore,Kallada Travels (Suresh Kallada),A/C Sleeper (2+1),23:35,03h 25m,03:00,900,4.6,6 Seats available
"Anantapur (andhra pradesh) to Bangalore
From INR 307",https://www.redbus.in/bus-tickets/ananthapur-to-bangalore,Orange Tours And Travels,Scania AC Multi Axle Sleeper (2+1),21:45,03h 30m,01:15,1200,4.7,10 Seats available
"Tirupati to Bangalore
From INR 280",https://www.redbus.in/bus-tickets/tirupathi-to-bangalore,NueGo,Electric A/C Seater (2+2),22:05,06h 05m,04:10,605,4.3,3 Seats available
"Tirupati to Bangalore
From INR 280",https://www.redbus.in/bus-tickets/tirupathi-to-bangalore,RK Travels,Non A/C Seater / Sleeper (2+1),22:30,05h 50m,04:20,799,3.5,6 Seats available
"Tirupati to Bangalore
From INR 280",https://www.redbus.in/bus-tickets/tirupathi-to-bangalore,RK Travels,Non A/C Seater / Sleeper (2+1),22:40,07h 20m,06:00,799,3.3,13 Seats available
"Tirupati to Bangalore
From INR 280",https://www.redbus.in/bus-tickets/tirupathi-to-bangalore,N/A,N/A,N/A,N/A,N/A,N/A,N/A,13 Seats available
"Tirupati to Bangalore
From INR 280",https://www.redbus.in/bus-tickets/tirupathi-to-bangalore,N/A,N/A,N/A,N/A,N/A,N/A,N/A,10 Seats available
"Visakhapatnam to Vijayawada
From INR 549",https://www.redbus.in/bus-tickets/visakhapatnam-to-vijayawada,TSRTC - 9808,Lahari A/C sleeper,20:15,07h 45m,04:00,1213,4.7,26 Seats available
"Visakhapatnam to Vijayawada
From INR 549",https://www.redbus.in/bus-tickets/visakhapatnam-to-vijayawada,Sri KVR Travels,Non A/C Seater / Sleeper (2+1),20:45,09h 15m,06:00,428,4.3,22 Seats available
"Visakhapatnam to Vijayawada
From INR 549",https://www.redbus.in/bus-tickets/visakhapatnam-to-vijayawada,Sri KVR Travels,Non A/C Seater / Sleeper (2+1),22:35,07h 55m,06:30,428,4.1,16 Seats available
"Visakhapatnam to Vijayawada
From INR 549",https://www.redbus.in/bus-tickets/visakhapatnam-to-vijayawada,N/A,N/A,N/A,N/A,N/A,N/A,N/A,13 Seats available
"Visakhapatnam to Vijayawada
From INR 549",https://www.redbus.in/bus-tickets/visakhapatnam-to-vijayawada,N/A,N/A,N/A,N/A,N/A,N/A,N/A,13 Seats available
"Ongole to Hyderabad
From INR 555",https://www.redbus.in/bus-tickets/ongole-to-hyderabad,Sri Vengamamba Bus Transport (SVBT),A/C Seater/Sleeper (2+1),23:00,07h 35m,06:35,670,4.6,10 Seats available
"Ongole to Hyderabad
From INR 555",https://www.redbus.in/bus-tickets/ongole-to-hyderabad,Sri Vengamamba Bus Transport (SVBT),A/C Sleeper (2+1),22:30,07h 35m,06:05,720,4.5,1 Seat available
"Ongole to Hyderabad
From INR 555",https://www.redbus.in/bus-tickets/ongole-to-hyderabad,N/A,N/A,N/A,N/A,N/A,N/A,N/A,6 Seats available
"Ongole to Hyderabad
From INR 555",https://www.redbus.in/bus-tickets/ongole-to-hyderabad,N/A,N/A,N/A,N/A,N/A,N/A,N/A,7 Seats available
"Ongole to Hyderabad
From INR 555",https://www.redbus.in/bus-tickets/ongole-to-hyderabad,N/A,N/A,N/A,N/A,N/A,N/A,N/A,5 Seats available
"Bangalore to Tirupati
From INR 284",https://www.redbus.in/bus-tickets/bangalore-to-tirupathi,NueGo,Electric A/C Seater (2+2),19:20,05h 35m,00:55,314,3.8,9 Seats available
"Bangalore to Tirupati
From INR 284",https://www.redbus.in/bus-tickets/bangalore-to-tirupathi,Sri Vengamamba Bus Transport (SVBT),A/C Seater/Sleeper (2+1),19:20,07h 40m,03:00,450,3.1,7 Seats available
"Bangalore to Tirupati
From INR 284",https://www.redbus.in/bus-tickets/bangalore-to-tirupathi,Shyamoli Paribahan Pvt Ltd,Volvo 9600 A/C Seater/Sleeper (2+1),19:20,04h 10m,23:30,599,3.5,3 Seats available
"Bangalore to Tirupati
From INR 284",https://www.redbus.in/bus-tickets/bangalore-to-tirupathi,N/A,N/A,N/A,N/A,N/A,N/A,N/A,7 Seats available
"Bangalore to Tirupati
From INR 284",https://www.redbus.in/bus-tickets/bangalore-to-tirupathi,N/A,N/A,N/A,N/A,N/A,N/A,N/A,4 Seats available
"Macherla (andhra pradesh) to Hyderabad
From INR 302",https://www.redbus.in/bus-tickets/macherla-to-hyderabad,IVR Tours and Travels,NON AC Seater / Sleeper 2+1,01:00,04h 00m,05:00,569,3.8,17 Seats available
"Macherla (andhra pradesh) to Hyderabad
From INR 302",https://www.redbus.in/bus-tickets/macherla-to-hyderabad,IVR Tours and Travels,Non A/C Seater / Sleeper (2+1),01:00,05h 00m,06:00,569,3.8,15 Seats available
"Macherla (andhra pradesh) to Hyderabad
From INR 302",https://www.redbus.in/bus-tickets/macherla-to-hyderabad,Giridhar Tours and Travels,Non A/C Seater / Sleeper (2+1),23:50,04h 35m,04:25,1499,4.2,1 Seat available
"Macherla (andhra pradesh) to Hyderabad
From INR 302",https://www.redbus.in/bus-tickets/macherla-to-hyderabad,N/A,N/A,N/A,N/A,N/A,N/A,N/A,25 Seats available
"Macherla (andhra pradesh) to Hyderabad
From INR 302",https://www.redbus.in/bus-tickets/macherla-to-hyderabad,N/A,N/A,N/A,N/A,N/A,N/A,N/A,28 Seats available
"Rajahmundry to Visakhapatnam
From INR 298",https://www.redbus.in/bus-tickets/rajahmundry-to-visakhapatnam,NueGo,Electric A/C Seater/Sleeper (2+1),19:08,04h 17m,23:25,380,4.2,1 Seat available
"Rajahmundry to Visakhapatnam
From INR 298",https://www.redbus.in/bus-tickets/rajahmundry-to-visakhapatnam,IRA Travels,A/C Seater / Sleeper (2+1),21:55,04h 25m,02:20,550,3.9,25 Seats available
"Rajahmundry to Visakhapatnam
From INR 298",https://www.redbus.in/bus-tickets/rajahmundry-to-visakhapatnam,SREE PAVAN TRAVELS,NON A/C Seater Push Back (2+2),23:20,03h 45m,03:05,495,3.5,7 Seats available
"Rajahmundry to Visakhapatnam
From INR 298",https://www.redbus.in/bus-tickets/rajahmundry-to-visakhapatnam,Sri Padmavathi Travels,Non A/C Seater / Sleeper (2+1),23:50,05h 40m,05:30,450,3.1,18 Seats available
"Rajahmundry to Visakhapatnam
From INR 298",https://www.redbus.in/bus-tickets/rajahmundry-to-visakhapatnam,N/A,N/A,N/A,N/A,N/A,N/A,N/A,10 Seats available
"Nandyal to Hyderabad
From INR 469",https://www.redbus.in/bus-tickets/nandyala-to-hyderabad,INDHU BUS,Non A/C Seater / Sleeper (2+1),23:30,06h 05m,05:35,450,4.4,10 Seats available
"Nandyal to Hyderabad
From INR 469",https://www.redbus.in/bus-tickets/nandyala-to-hyderabad,VEERA BRAHMENDRA TRAVELS,Non A/C Seater / Sleeper (2+1),23:35,06h 25m,06:00,450,4.2,24 Seats available
"Nandyal to Hyderabad
From INR 469",https://www.redbus.in/bus-tickets/nandyala-to-hyderabad,BRS Travels,A/C Sleeper (2+1),23:00,06h 30m,05:30,800,4.0,3 Seats available
"Nandyal to Hyderabad
From INR 469",https://www.redbus.in/bus-tickets/nandyala-to-hyderabad,N/A,N/A,N/A,N/A,N/A,N/A,N/A,3 Seats available
"Nandyal to Hyderabad
From INR 469",https://www.redbus.in/bus-tickets/nandyala-to-hyderabad,N/A,N/A,N/A,N/A,N/A,N/A,N/A,10 Seats available
"Bangalore to Kadapa
From INR 412",https://www.redbus.in/bus-tickets/bangalore-to-kadapa,BHAIRAVA TOURS AND TRAVELS,Non A/C Seater / Sleeper (2+1),19:15,07h 45m,03:00,499,4.0,12 Seats available
"Bangalore to Kadapa
From INR 412",https://www.redbus.in/bus-tickets/bangalore-to-kadapa,Giridhar Tours and Travels,A/C Seater/Sleeper (2+1),19:24,07h 51m,03:15,650,4.2,18 Seats available
"Bangalore to Kadapa
From INR 412",https://www.redbus.in/bus-tickets/bangalore-to-kadapa,Giridhar Tours and Travels,Non A/C Seater / Sleeper (2+1),19:30,07h 29m,02:59,600,4.2,10 Seats available
"Bangalore to Kadapa
From INR 412",https://www.redbus.in/bus-tickets/bangalore-to-kadapa,Royal Voyage Travels (RVT),A/C Seater / Sleeper (2+1),19:30,07h 55m,03:25,500,4.2,9 Seats available
"Bangalore to Kadapa
From INR 412",https://www.redbus.in/bus-tickets/bangalore-to-kadapa,N/A,N/A,N/A,N/A,N/A,N/A,N/A,1 Seat available
"Hyderabad to Ongole
From INR 522",https://www.redbus.in/bus-tickets/hyderabad-to-ongole,Sri Vengamamba Bus Transport (SVBT),A/C Seater/Sleeper (2+1),21:45,08h 30m,06:15,520,4.6,12 Seats available
"Hyderabad to Ongole
From INR 522",https://www.redbus.in/bus-tickets/hyderabad-to-ongole,V Kaveri Travels,Scania AC Multi Axle Sleeper (2+1),21:30,08h 15m,05:45,940,4.1,14 Seats available
"Hyderabad to Ongole
From INR 522",https://www.redbus.in/bus-tickets/hyderabad-to-ongole,N/A,N/A,N/A,N/A,N/A,N/A,N/A,11 Seats available
"Hyderabad to Ongole
From INR 522",https://www.redbus.in/bus-tickets/hyderabad-to-ongole,N/A,N/A,N/A,N/A,N/A,N/A,N/A,17 Seats available
"Hyderabad to Ongole
From INR 522",https://www.redbus.in/bus-tickets/hyderabad-to-ongole,N/A,N/A,N/A,N/A,N/A,N/A,N/A,16 Seats available
"Guntur (Andhra Pradesh) to Hyderabad
From INR 451",https://www.redbus.in/bus-tickets/guntur-to-hyderabad,Sri Sanvi Tours and Travels,A/C Sleeper (2+1),22:10,06h 50m,05:00,791,4.8,19 Seats available
"Guntur (Andhra Pradesh) to Hyderabad
From INR 451",https://www.redbus.in/bus-tickets/guntur-to-hyderabad,Zingbus Plus,A/C Seater / Sleeper (2+1),21:30,07h 35m,05:05,729,4.6,14 Seats available
"Guntur (Andhra Pradesh) to Hyderabad
From INR 451",https://www.redbus.in/bus-tickets/guntur-to-hyderabad,Svkdt travels,A/C Sleeper (2+1),22:20,07h 15m,05:35,858,4.3,13 Seats available
"Guntur (Andhra Pradesh) to Hyderabad
From INR 451",https://www.redbus.in/bus-tickets/guntur-to-hyderabad,N/A,N/A,N/A,N/A,N/A,N/A,N/A,12 Seats available
"Guntur (Andhra Pradesh) to Hyderabad
From INR 451",https://www.redbus.in/bus-tickets/guntur-to-hyderabad,N/A,N/A,N/A,N/A,N/A,N/A,N/A,12 Seats available
"Vijayawada to Visakhapatnam
From INR 549",https://www.redbus.in/bus-tickets/vijayawada-to-visakhapatnam,Zingbus Plus,A/C Sleeper (2+1),23:30,06h 50m,06:20,630,4.8,12 Seats available
"Vijayawada to Visakhapatnam
From INR 549",https://www.redbus.in/bus-tickets/vijayawada-to-visakhapatnam,Svkdt travels,A/C Seater / Sleeper (2+1),22:50,08h 05m,06:55,620,4.6,12 Seats available
"Vijayawada to Visakhapatnam
From INR 549",https://www.redbus.in/bus-tickets/vijayawada-to-visakhapatnam,IntrCity SmartBus,N/A,23:10,07h 15m,06:25,462,4.5,13 Seats available
"Vijayawada to Visakhapatnam
From INR 549",https://www.redbus.in/bus-tickets/vijayawada-to-visakhapatnam,N/A,N/A,N/A,N/A,N/A,N/A,N/A,18 Seats available
"Vijayawada to Visakhapatnam
From INR 549",https://www.redbus.in/bus-tickets/vijayawada-to-visakhapatnam,N/A,N/A,N/A,N/A,N/A,N/A,N/A,24 Seats available
"Rajahmundry to Vijayawada
From INR 199",https://www.redbus.in/bus-tickets/rajahmundry-to-vijayawada,Svkdt travels,A/C Sleeper (2+1),19:15,03h 30m,22:45,500,4.2,15 Seats available
"Rajahmundry to Vijayawada
From INR 199",https://www.redbus.in/bus-tickets/rajahmundry-to-vijayawada,NueGo,Electric A/C Seater/Sleeper (2+1),19:45,03h 35m,23:20,237,3.9,5 Seats available
"Rajahmundry to Vijayawada
From INR 199",https://www.redbus.in/bus-tickets/rajahmundry-to-vijayawada,Mahi Trans Solutions,Non A/C Seater / Sleeper (2+1),20:50,03h 50m,00:40,637,3.9,15 Seats available
"Rajahmundry to Vijayawada
From INR 199",https://www.redbus.in/bus-tickets/rajahmundry-to-vijayawada,N/A,N/A,N/A,N/A,N/A,N/A,N/A,23 Seats available
"Rajahmundry to Vijayawada
From INR 199",https://www.redbus.in/bus-tickets/rajahmundry-to-vijayawada,N/A,N/A,N/A,N/A,N/A,N/A,N/A,4 Seats available
"Hyderabad to Kurnool
From INR 265",https://www.redbus.in/bus-tickets/hyderabad-to-kurnool,VSR Tours and Travels,A/C Sleeper (2+1),19:09,06h 21m,01:30,1169,4.5,2 Seats available
"Hyderabad to Kurnool
From INR 265",https://www.redbus.in/bus-tickets/hyderabad-to-kurnool,Yolo Bus,Bharat Benz A/C Seater /Sleeper (2+1),19:10,05h 54m,01:04,500,3.6,10 Seats available
"Hyderabad to Kurnool
From INR 265",https://www.redbus.in/bus-tickets/hyderabad-to-kurnool,Sri Krishna Travels,A/C Sleeper (2+1),19:10,04h 49m,23:59,800,3.6,17 Seats available
"Hyderabad to Kurnool
From INR 265",https://www.redbus.in/bus-tickets/hyderabad-to-kurnool,N/A,N/A,N/A,N/A,N/A,N/A,N/A,14 Seats available
"Hyderabad to Kurnool
From INR 265",https://www.redbus.in/bus-tickets/hyderabad-to-kurnool,N/A,N/A,N/A,N/A,N/A,N/A,N/A,13 Seats available
"Bangalore to Chittoor (Andhra Pradesh)
From INR 186",https://www.redbus.in/bus-tickets/bangalore-to-chittoor-andhra-pradesh,NueGo,Electric A/C Seater (2+2),19:10,04h 30m,23:40,332,3.2,9 Seats available
"Bangalore to Chittoor (Andhra Pradesh)
From INR 186",https://www.redbus.in/bus-tickets/bangalore-to-chittoor-andhra-pradesh,CHAITRA SRI TRAVELS,Non A/C Seater / Sleeper (2+1),19:15,04h 35m,23:50,500,4.3,7 Seats available
"Bangalore to Chittoor (Andhra Pradesh)
From INR 186",https://www.redbus.in/bus-tickets/bangalore-to-chittoor-andhra-pradesh,Svkdt travels,A/C Sleeper (2+1),19:15,02h 15m,21:30,590,4.2,11 Seats available
"Bangalore to Chittoor (Andhra Pradesh)
From INR 186",https://www.redbus.in/bus-tickets/bangalore-to-chittoor-andhra-pradesh,RK Travels,Non A/C Seater / Sleeper (2+1),20:20,05h 30m,01:50,399,4.0,22 Seats available
"Bangalore to Chittoor (Andhra Pradesh)
From INR 186",https://www.redbus.in/bus-tickets/bangalore-to-chittoor-andhra-pradesh,N/A,N/A,N/A,N/A,N/A,N/A,N/A,26 Seats available
"Kurnool to Hyderabad
From INR 265",https://www.redbus.in/bus-tickets/kurnool-to-hyderabad,NS Holidays,Bharat Benz A/C Seater /Sleeper (2+1),21:50,03h 25m,01:15,1200,4.0,30 Seats available
"Kurnool to Hyderabad
From INR 265",https://www.redbus.in/bus-tickets/kurnool-to-hyderabad,Yolo Bus,Bharat Benz A/C Seater /Sleeper (2+1),23:33,04h 42m,04:15,2530,3.0,50 Seats available
"Kurnool to Hyderabad
From INR 265",https://www.redbus.in/bus-tickets/kurnool-to-hyderabad,Dwaraka Travels,Non AC Seater (2+2),23:50,05h 10m,05:00,500,3.6,7 Seats available
"Kurnool to Hyderabad
From INR 265",https://www.redbus.in/bus-tickets/kurnool-to-hyderabad,N/A,N/A,N/A,N/A,N/A,N/A,N/A,3 Seats available
"Kurnool to Hyderabad
From INR 265",https://www.redbus.in/bus-tickets/kurnool-to-hyderabad,N/A,N/A,N/A,N/A,N/A,N/A,N/A,2 Seats available
"Visakhapatnam to Rajahmundry
From INR 298",https://www.redbus.in/bus-tickets/visakhapatnam-to-rajahmundry,TSRTC - 8670,"SUPER LUXURY (NON-AC, 2 + 2 PUSH BACK)",19:30,05h 30m,01:00,347,3.7,25 Seats available
"Visakhapatnam to Rajahmundry
From INR 298",https://www.redbus.in/bus-tickets/visakhapatnam-to-rajahmundry,Mayuri Travels,A/C Seater / Sleeper (2+1),19:10,04h 40m,23:50,800,3.5,15 Seats available
"Visakhapatnam to Rajahmundry
From INR 298",https://www.redbus.in/bus-tickets/visakhapatnam-to-rajahmundry,Mayuri Travels,Non A/C Seater / Sleeper (2+1),19:10,16h 35m,11:45,780,3.5,8 Seats available
"Visakhapatnam to Rajahmundry
From INR 298",https://www.redbus.in/bus-tickets/visakhapatnam-to-rajahmundry,Shree Manikanta Travels,A/C Sleeper (2+1),19:15,03h 45m,23:00,799,4.1,6 Seats available
"Visakhapatnam to Rajahmundry
From INR 298",https://www.redbus.in/bus-tickets/visakhapatnam-to-rajahmundry,N/A,N/A,N/A,N/A,N/A,N/A,N/A,7 Seats available
"Rayachoti to Bangalore
From INR 330",https://www.redbus.in/bus-tickets/rayachoti-to-bangalore,APSRTC - 9266,INDRA(A.C. Seater),23:55,04h 45m,04:40,422,4.3,1 Seat available
"Rayachoti to Bangalore
From INR 330",https://www.redbus.in/bus-tickets/rayachoti-to-bangalore,SUVARNAMUKHI TRAVELS,NON A/C Seater (2+3),23:00,05h 30m,04:30,280,3.2,1 Seat available
"Rayachoti to Bangalore
From INR 330",https://www.redbus.in/bus-tickets/rayachoti-to-bangalore,Sri Shrinivasa Bus Transport (SSBT),Non A/C Seater / Sleeper (2+1),23:57,05h 23m,05:20,900,4.2,2 Seats available
"Rayachoti to Bangalore
From INR 330",https://www.redbus.in/bus-tickets/rayachoti-to-bangalore,Sri Vengamamba Bus Transport (SVBT),Non A/C Seater / Sleeper (2+1),23:59,05h 01m,05:00,770,4.0,1 Seat available
"Rayachoti to Bangalore
From INR 330",https://www.redbus.in/bus-tickets/rayachoti-to-bangalore,HARITHA TRAVELS,A/C Seater / Sleeper (2+1),23:59,05h 26m,05:25,699,3.3,31 Seats available
"Vinukonda to Hyderabad
From INR 435",https://www.redbus.in/bus-tickets/vinukonda-to-hyderabad,JOSH BUS,Non A/C Seater / Sleeper (2+1),22:45,07h 15m,06:00,560,4.6,5 Seats available
"Vinukonda to Hyderabad
From INR 435",https://www.redbus.in/bus-tickets/vinukonda-to-hyderabad,Sri Krishna Travels,NON A/C Semi Sleeper / Sleeper (2+1),23:05,06h 25m,05:30,800,4.1,5 Seats available
"Vinukonda to Hyderabad
From INR 435",https://www.redbus.in/bus-tickets/vinukonda-to-hyderabad,SK BUS TRAVELS,Non A/C Seater / Sleeper (2+1),22:45,08h 45m,07:30,3000,4.2,32 Seats available
"Vinukonda to Hyderabad
From INR 435",https://www.redbus.in/bus-tickets/vinukonda-to-hyderabad,N/A,N/A,N/A,N/A,N/A,N/A,N/A,1 Seat available
"Vinukonda to Hyderabad
From INR 435",https://www.redbus.in/bus-tickets/vinukonda-to-hyderabad,N/A,N/A,N/A,N/A,N/A,N/A,N/A,12 Seats available
"Bangalore to Anantapur (andhra pradesh)
From INR 307",https://www.redbus.in/bus-tickets/bangalore-to-ananthapur,IntrCity SmartBus,A/C Seater / Sleeper (2+1),19:20,04h 15m,23:35,399,4.6,12 Seats available
"Bangalore to Anantapur (andhra pradesh)
From INR 307",https://www.redbus.in/bus-tickets/bangalore-to-ananthapur,Sugama Tourist,NON A/C Sleeper (2+1),22:45,04h 15m,03:00,700,4.7,9 Seats available
"Bangalore to Anantapur (andhra pradesh)
From INR 307",https://www.redbus.in/bus-tickets/bangalore-to-ananthapur,IntrCity SmartBus,A/C Seater / Sleeper (2+1),19:20,04h 50m,00:10,399,4.9,3 Seats available
"Bangalore to Anantapur (andhra pradesh)
From INR 307",https://www.redbus.in/bus-tickets/bangalore-to-ananthapur,N/A,N/A,N/A,N/A,N/A,N/A,N/A,12 Seats available
"Bangalore to Anantapur (andhra pradesh)
From INR 307",https://www.redbus.in/bus-tickets/bangalore-to-ananthapur,N/A,N/A,N/A,N/A,N/A,N/A,N/A,6 Seats available
"Amalapuram to Visakhapatnam
From INR 355",https://www.redbus.in/bus-tickets/amalapuram-to-visakhapatnam,Navayuga Travels,A/C Sleeper (2+1),23:59,05h 11m,05:10,699,3.5,10 Seats available
"Amalapuram to Visakhapatnam
From INR 355",https://www.redbus.in/bus-tickets/amalapuram-to-visakhapatnam,Vahini Travels,NON A/C Push Back (2+2),23:00,05h 00m,04:00,444,3.8,7 Seats available
"Vijayawada to Tirupati
From INR 510",https://www.redbus.in/bus-tickets/vijayawada-to-tirupathi,Sai Sri Krishna Travels,A/C Sleeper (2+1),22:40,07h 50m,06:30,801,4.7,17 Seats available
"Vijayawada to Tirupati
From INR 510",https://www.redbus.in/bus-tickets/vijayawada-to-tirupathi,Sree Hari Travels,NON A/C Sleeper (2+1),21:51,07h 30m,05:21,2999,4.4,30 Seats available
"Vijayawada to Tirupati
From INR 510",https://www.redbus.in/bus-tickets/vijayawada-to-tirupathi,Sri KVR Travels,Non A/C Seater / Sleeper (2+1),22:45,08h 45m,07:30,550,4.2,31 Seats available
"Vijayawada to Tirupati
From INR 510",https://www.redbus.in/bus-tickets/vijayawada-to-tirupathi,N/A,N/A,N/A,N/A,N/A,N/A,N/A,8 Seats available
"Vijayawada to Tirupati
From INR 510",https://www.redbus.in/bus-tickets/vijayawada-to-tirupathi,N/A,N/A,N/A,N/A,N/A,N/A,N/A,2 Seats available
"Narasaraopet to Hyderabad
From INR 427",https://www.redbus.in/bus-tickets/narsaraopet-to-hyderabad,APSRTC - 4553,Super Luxury (Non AC Seater 2+2 Push Back),22:15,05h 10m,03:25,427,4.2,1 Seat available
"Narasaraopet to Hyderabad
From INR 427",https://www.redbus.in/bus-tickets/narsaraopet-to-hyderabad,SK BUS TRAVELS,Non A/C Seater / Sleeper (2+1),21:50,04h 40m,02:30,550,3.7,27 Seats available
"Narasaraopet to Hyderabad
From INR 427",https://www.redbus.in/bus-tickets/narsaraopet-to-hyderabad,Kundana Travels,Non A/C Seater / Sleeper (2+1),22:45,07h 10m,05:55,460,4.2,10 Seats available
"Narasaraopet to Hyderabad
From INR 427",https://www.redbus.in/bus-tickets/narsaraopet-to-hyderabad,Kundana Travels,NON A/C Seater (2+2),22:45,07h 10m,05:55,460,3.9,8 Seats available
"Narasaraopet to Hyderabad
From INR 427",https://www.redbus.in/bus-tickets/narsaraopet-to-hyderabad,SRI MARUTHI TRAVELS,N/A,22:45,07h 15m,06:00,499,3.8,5 Seats available
"Eluru to Hyderabad
From INR 537",https://www.redbus.in/bus-tickets/eluru-to-hyderabad,Sri KVR Travels,Non A/C Seater / Sleeper (2+1),21:15,08h 30m,05:45,570,4.1,12 Seats available
"Eluru to Hyderabad
From INR 537",https://www.redbus.in/bus-tickets/eluru-to-hyderabad,Nani Svkdt Travels,A/C Sleeper (2+1),21:44,07h 42m,05:26,824,4.1,13 Seats available
"Eluru to Hyderabad
From INR 537",https://www.redbus.in/bus-tickets/eluru-to-hyderabad,N/A,N/A,N/A,N/A,N/A,N/A,N/A,14 Seats available
"Eluru to Hyderabad
From INR 537",https://www.redbus.in/bus-tickets/eluru-to-hyderabad,N/A,N/A,N/A,N/A,N/A,N/A,N/A,14 Seats available
"Eluru to Hyderabad
From INR 537",https://www.redbus.in/bus-tickets/eluru-to-hyderabad,N/A,N/A,N/A,N/A,N/A,N/A,N/A,12 Seats available
"Visakhapatnam to Amalapuram
From INR 367",https://www.redbus.in/bus-tickets/visakhapatnam-to-amalapuram,Sri Tulasi Tours and Travels,Non A/C Seater / Sleeper (2+1),22:00,05h 00m,03:00,599,3.1,10 Seats available
"Visakhapatnam to Amalapuram
From INR 367",https://www.redbus.in/bus-tickets/visakhapatnam-to-amalapuram,Vahini Travels,NON A/C Push Back (2+2),22:15,07h 45m,06:00,399,3.8,23 Seats available
"Visakhapatnam to Amalapuram
From INR 367",https://www.redbus.in/bus-tickets/visakhapatnam-to-amalapuram,Sai RK Travels,Non A/C Seater / Sleeper (2+1),22:40,04h 50m,03:30,499,3.4,11 Seats available
"Visakhapatnam to Amalapuram
From INR 367",https://www.redbus.in/bus-tickets/visakhapatnam-to-amalapuram,Navayuga Travels,A/C Sleeper (2+1),22:00,05h 05m,03:05,1090,3.5,2 Seats available
"Kadiri to Bangalore
From INR 188",https://www.redbus.in/bus-tickets/kadiri-to-bangalore,APSRTC - 6846,Express(Non AC Seater),21:45,03h 45m,01:30,188,3.5,10 Seats available
"Chennai to Tirupati
From INR 149",https://www.redbus.in/bus-tickets/chennai-to-tirupathi,CGR Travels,Non A/C Seater / Sleeper (2+1),20:00,05h 30m,01:30,270,3.8,21 Seats available
"Chennai to Tirupati
From INR 149",https://www.redbus.in/bus-tickets/chennai-to-tirupathi,NueGo,Electric A/C Seater (2+2),22:40,04h 25m,03:05,238,4.5,31 Seats available
"Chennai to Tirupati
From INR 149",https://www.redbus.in/bus-tickets/chennai-to-tirupathi,NueGo,Electric A/C Seater (2+2),23:00,03h 40m,02:40,238,4.5,32 Seats available
"Chennai to Tirupati
From INR 149",https://www.redbus.in/bus-tickets/chennai-to-tirupathi,Maheswari Travels,N/A,19:45,05h 25m,01:10,800,3.8,20 Seats available
"Chennai to Tirupati
From INR 149",https://www.redbus.in/bus-tickets/chennai-to-tirupathi,N/A,N/A,N/A,N/A,N/A,N/A,N/A,22 Seats available
"Rajahmundry to Hyderabad
From INR 686",https://www.redbus.in/bus-tickets/rajahmundry-to-hyderabad,TSRTC - 9920,"SUPER LUXURY (NON-AC, 2 + 2 PUSH BACK)",22:30,08h 30m,07:00,644,3.7,21 Seats available
"Rajahmundry to Hyderabad
From INR 686",https://www.redbus.in/bus-tickets/rajahmundry-to-hyderabad,Jayanthi Travels,Non A/C Seater / Sleeper (2+1),20:15,09h 45m,06:00,6000,4.5,40 Seats available
"Rajahmundry to Hyderabad
From INR 686",https://www.redbus.in/bus-tickets/rajahmundry-to-hyderabad,Mahi Trans Solutions,A/C Sleeper (2+1),20:00,10h 00m,06:00,631,4.3,18 Seats available
"Rajahmundry to Hyderabad
From INR 686",https://www.redbus.in/bus-tickets/rajahmundry-to-hyderabad,N/A,N/A,N/A,N/A,N/A,N/A,N/A,13 Seats available
"Rajahmundry to Hyderabad
From INR 686",https://www.redbus.in/bus-tickets/rajahmundry-to-hyderabad,N/A,N/A,N/A,N/A,N/A,N/A,N/A,8 Seats available
"Kurnool to Vijayawada
From INR 555",https://www.redbus.in/bus-tickets/kurnool-to-vijayawada,Svkdt travels,A/C Sleeper (2+1),22:30,08h 15m,06:45,1050,4.6,1 Seat available
"Kurnool to Vijayawada
From INR 555",https://www.redbus.in/bus-tickets/kurnool-to-vijayawada,Sri Balaji Transports,A/C Sleeper (2+1),23:00,07h 10m,06:10,1000,4.0,1 Seat available
"Kurnool to Vijayawada
From INR 555",https://www.redbus.in/bus-tickets/kurnool-to-vijayawada,SOLLIGI TRAVELS,A/C Sleeper (2+1),22:45,07h 35m,06:20,1000,4.4,2 Seats available
"Kurnool to Vijayawada
From INR 555",https://www.redbus.in/bus-tickets/kurnool-to-vijayawada,N/A,N/A,N/A,N/A,N/A,N/A,N/A,1 Seat available
"Kurnool to Vijayawada
From INR 555",https://www.redbus.in/bus-tickets/kurnool-to-vijayawada,N/A,N/A,N/A,N/A,N/A,N/A,N/A,11 Seats available
"Vijayawada to Kurnool
From INR 554",https://www.redbus.in/bus-tickets/vijayawada-to-kurnool,SUDHAKAR TRAVELS,A/C Sleeper (2+1),19:45,08h 15m,04:00,900,4.4,7 Seats available
"Vijayawada to Kurnool
From INR 554",https://www.redbus.in/bus-tickets/vijayawada-to-kurnool,Sri Balaji Transports,A/C Sleeper (2+1),19:50,08h 40m,04:30,1000,3.7,11 Seats available
"Vijayawada to Kurnool
From INR 554",https://www.redbus.in/bus-tickets/vijayawada-to-kurnool,SOLLIGI TRAVELS,A/C Sleeper (2+1),20:45,08h 15m,05:00,800,3.7,14 Seats available
"Vijayawada to Kurnool
From INR 554",https://www.redbus.in/bus-tickets/vijayawada-to-kurnool,N/A,N/A,N/A,N/A,N/A,N/A,N/A,23 Seats available
"Vijayawada to Kurnool
From INR 554",https://www.redbus.in/bus-tickets/vijayawada-to-kurnool,N/A,N/A,N/A,N/A,N/A,N/A,N/A,5 Seats available
"Kakinada to Vijayawada
From INR 355",https://www.redbus.in/bus-tickets/kakinada-to-vijayawada,TSRTC - 2335,"SUPER LUXURY (NON-AC, 2 + 2 PUSH BACK)",21:00,05h 30m,02:30,373,3.7,16 Seats available
"Kakinada to Vijayawada
From INR 355",https://www.redbus.in/bus-tickets/kakinada-to-vijayawada,SAMANVI CITICONNECT,Non A/C Seater / Sleeper (2+1),19:25,05h 20m,00:45,539,4.0,3 Seats available
"Kakinada to Vijayawada
From INR 355",https://www.redbus.in/bus-tickets/kakinada-to-vijayawada,Siri Tours and Travels,Non A/C Seater / Sleeper (2+1),19:25,05h 35m,01:00,610,3.7,8 Seats available
"Kakinada to Vijayawada
From INR 355",https://www.redbus.in/bus-tickets/kakinada-to-vijayawada,SAMANVI CITICONNECT,A/C Sleeper (2+1),20:10,04h 20m,00:30,859,4.0,2 Seats available
"Kakinada to Vijayawada
From INR 355",https://www.redbus.in/bus-tickets/kakinada-to-vijayawada,N/A,N/A,N/A,N/A,N/A,N/A,N/A,2 Seats available
"Bangalore to Madanapalli
From INR 157",https://www.redbus.in/bus-tickets/bangalore-to-madanapalli,APSRTC - 47135,Express(Non AC Seater),20:15,03h 00m,23:15,125,3.1,31 Seats available
"Bangalore to Madanapalli
From INR 157",https://www.redbus.in/bus-tickets/bangalore-to-madanapalli,Sri Vinayaka Travels,NON A/C Seater/ Sleeper (2+1),20:40,06h 20m,03:00,450,3.9,1 Seat available
"Bangalore to Madanapalli
From INR 157",https://www.redbus.in/bus-tickets/bangalore-to-madanapalli,Sri Vinayaka Travels,NON A/C Seater (2+3),21:30,04h 00m,01:30,350,3.1,32 Seats available
"Bangalore to Madanapalli
From INR 157",https://www.redbus.in/bus-tickets/bangalore-to-madanapalli,BHAIRAVA TOURS AND TRAVELS,Non A/C Seater / Sleeper (2+1),20:05,04h 55m,01:00,455,N/A,31 Seats available
"Bangalore to Madanapalli
From INR 157",https://www.redbus.in/bus-tickets/bangalore-to-madanapalli,BHAIRAVA TOURS AND TRAVELS,Non A/C Seater / Sleeper (2+1),19:15,04h 44m,23:59,499,4.9,17 Seats available
"Nellore to Bangalore
From INR 613",https://www.redbus.in/bus-tickets/nellore-to-bangalore,GreenLine Travels And Holidays,Non A/C Seater / Sleeper (2+1),21:50,08h 40m,06:30,700,4.4,13 Seats available
"Nellore to Bangalore
From INR 613",https://www.redbus.in/bus-tickets/nellore-to-bangalore,VEGA BUS,A/C Seater / Sleeper (2+1),21:00,09h 00m,06:00,665,4.0,12 Seats available
"Nellore to Bangalore
From INR 613",https://www.redbus.in/bus-tickets/nellore-to-bangalore,GreenLine Travels And Holidays,N/A,21:40,08h 20m,06:00,1249,N/A,5 Seats available
"Nellore to Bangalore
From INR 613",https://www.redbus.in/bus-tickets/nellore-to-bangalore,N/A,N/A,N/A,N/A,N/A,N/A,N/A,1 Seat available
"Nellore to Bangalore
From INR 613",https://www.redbus.in/bus-tickets/nellore-to-bangalore,N/A,N/A,N/A,N/A,N/A,N/A,N/A,2 Seats available
"Hyderabad to Narasaraopet
From INR 335",https://www.redbus.in/bus-tickets/hyderabad-to-narsaraopet,Sri Krishna Travels,Volvo Multi-Axle A/C Sleeper (2+1),20:10,07h 50m,04:00,800,3.8,19 Seats available
"Hyderabad to Narasaraopet
From INR 335",https://www.redbus.in/bus-tickets/hyderabad-to-narsaraopet,Kaveri Travels,Non A/C Seater / Sleeper (2+1),20:40,08h 05m,04:45,400,3.7,15 Seats available
"Hyderabad to Narasaraopet
From INR 335",https://www.redbus.in/bus-tickets/hyderabad-to-narsaraopet,Kamakshi Tours And Travels,Non A/C Seater / Sleeper (2+1),20:45,07h 30m,04:15,400,4.2,14 Seats available
"Hyderabad to Narasaraopet
From INR 335",https://www.redbus.in/bus-tickets/hyderabad-to-narsaraopet,N/A,N/A,N/A,N/A,N/A,N/A,N/A,29 Seats available
"Hyderabad to Narasaraopet
From INR 335",https://www.redbus.in/bus-tickets/hyderabad-to-narsaraopet,N/A,N/A,N/A,N/A,N/A,N/A,N/A,8 Seats available
"Hyderabad to Guntur (Andhra Pradesh)
From INR 373",https://www.redbus.in/bus-tickets/hyderabad-to-guntur,IntrCity SmartBus,A/C Seater / Sleeper (2+1),22:25,08h 20m,06:45,419,4.5,13 Seats available
"Hyderabad to Guntur (Andhra Pradesh)
From INR 373",https://www.redbus.in/bus-tickets/hyderabad-to-guntur,IntrCity SmartBus,A/C Seater / Sleeper (2+1),22:00,08h 40m,06:40,414,4.3,11 Seats available
"Hyderabad to Guntur (Andhra Pradesh)
From INR 373",https://www.redbus.in/bus-tickets/hyderabad-to-guntur,N/A,N/A,N/A,N/A,N/A,N/A,N/A,12 Seats available
"Hyderabad to Guntur (Andhra Pradesh)
From INR 373",https://www.redbus.in/bus-tickets/hyderabad-to-guntur,N/A,N/A,N/A,N/A,N/A,N/A,N/A,14 Seats available
"Hyderabad to Guntur (Andhra Pradesh)
From INR 373",https://www.redbus.in/bus-tickets/hyderabad-to-guntur,N/A,N/A,N/A,N/A,N/A,N/A,N/A,17 Seats available
"Bangalore to Kadiri
From INR 178",https://www.redbus.in/bus-tickets/bangalore-to-kadiri,Maheswari Travels,Non A/C Seater / Sleeper (2+1),20:00,06h 40m,02:40,650,3.8,4 Seats available
"Bangalore to Kadiri
From INR 178",https://www.redbus.in/bus-tickets/bangalore-to-kadiri,Vasavi travels,NON A/C Seater/ Sleeper (2+1),20:30,05h 30m,02:00,649,3.7,9 Seats available
"Vijayawada to Rajahmundry
From INR 199",https://www.redbus.in/bus-tickets/vijayawada-to-rajahmundry,Naniâ€™s Sai Krishna Travels,Non A/C Seater / Sleeper (2+1),19:15,05h 15m,00:30,720,3.1,10 Seats available
"Vijayawada to Rajahmundry
From INR 199",https://www.redbus.in/bus-tickets/vijayawada-to-rajahmundry,Sri KVR Travels,Non A/C Seater / Sleeper (2+1),19:15,04h 30m,23:45,641,4.0,10 Seats available
"Vijayawada to Rajahmundry
From INR 199",https://www.redbus.in/bus-tickets/vijayawada-to-rajahmundry,NueGo,Electric A/C Seater/Sleeper (2+1),20:00,03h 20m,23:20,199,3.4,1 Seat available
"Vijayawada to Rajahmundry
From INR 199",https://www.redbus.in/bus-tickets/vijayawada-to-rajahmundry,Sree Sambhavi Tours and Travels,Non A/C Seater / Sleeper (2+1),20:15,04h 25m,00:40,542,3.3,30 Seats available
"Vijayawada to Rajahmundry
From INR 199",https://www.redbus.in/bus-tickets/vijayawada-to-rajahmundry,N/A,N/A,N/A,N/A,N/A,N/A,N/A,2 Seats available
"Bangalore to Rayachoti
From INR 293",https://www.redbus.in/bus-tickets/bangalore-to-rayachoti,BHAIRAVA TOURS AND TRAVELS,Non A/C Seater / Sleeper (2+1),19:15,06h 45m,02:00,499,4.3,16 Seats available
"Bangalore to Rayachoti
From INR 293",https://www.redbus.in/bus-tickets/bangalore-to-rayachoti,Royal Voyage Travels (RVT),A/C Seater / Sleeper (2+1),19:30,07h 15m,02:45,500,4.2,11 Seats available
"Bangalore to Rayachoti
From INR 293",https://www.redbus.in/bus-tickets/bangalore-to-rayachoti,Sri Vinayaka Travels,NON A/C Sleeper (2+1),19:45,07h 15m,03:00,699,3.1,1 Seat available
"Bangalore to Rayachoti
From INR 293",https://www.redbus.in/bus-tickets/bangalore-to-rayachoti,Sri Vengamamba Bus Transport (SVBT),Non A/C Seater / Sleeper (2+1),20:00,05h 00m,01:00,500,4.7,9 Seats available
"Bangalore to Rayachoti
From INR 293",https://www.redbus.in/bus-tickets/bangalore-to-rayachoti,N/A,N/A,N/A,N/A,N/A,N/A,N/A,1 Seat available
"Kurnool to Bangalore
From INR 579",https://www.redbus.in/bus-tickets/kurnool-to-bangalore,Jabbar Travels,Scania Multi-Axle AC Semi Sleeper (2+2),23:59,05h 11m,05:10,823,4.2,1 Seat available
"Kurnool to Bangalore
From INR 579",https://www.redbus.in/bus-tickets/kurnool-to-bangalore,Orange Tours and Travels Platinum,Volvo Multi-Axle Sleeper A/C (2+1),20:15,06h 15m,02:30,1000,4.0,2 Seats available
"Kurnool to Bangalore
From INR 579",https://www.redbus.in/bus-tickets/kurnool-to-bangalore,V Kaveri Travels,Volvo Multi-Axle A/C Sleeper (2+1),23:55,07h 10m,07:05,1300,3.5,5 Seats available
"Kurnool to Bangalore
From INR 579",https://www.redbus.in/bus-tickets/kurnool-to-bangalore,N/A,N/A,N/A,N/A,N/A,N/A,N/A,27 Seats available
"Kurnool to Bangalore
From INR 579",https://www.redbus.in/bus-tickets/kurnool-to-bangalore,N/A,N/A,N/A,N/A,N/A,N/A,N/A,1 Seat available
"Tirupati to Chennai
From INR 162",https://www.redbus.in/bus-tickets/tirupathi-to-chennai,NueGo,Electric A/C Seater (2+2),23:30,04h 05m,03:35,338,4.3,10 Seats available
"Tirupati to Chennai
From INR 162",https://www.redbus.in/bus-tickets/tirupathi-to-chennai,Maheswari Travels,NON A/C Sleeper (2+1),02:00,04h 21m,06:21,1099,3.8,2 Seats available
"Hyderabad to Anantapur (andhra pradesh)
From INR 551",https://www.redbus.in/bus-tickets/hyderabad-to-ananthapur,Sri Balaji Transports,A/C Seater / Sleeper (2+1),21:50,07h 55m,05:45,650,4.4,21 Seats available
"Hyderabad to Anantapur (andhra pradesh)
From INR 551",https://www.redbus.in/bus-tickets/hyderabad-to-ananthapur,Al madeena Travels,Non A/C Seater / Sleeper (2+1),21:25,08h 50m,06:15,550,4.2,18 Seats available
"Hyderabad to Anantapur (andhra pradesh)
From INR 551",https://www.redbus.in/bus-tickets/hyderabad-to-ananthapur,N/A,N/A,N/A,N/A,N/A,N/A,N/A,13 Seats available
"Hyderabad to Anantapur (andhra pradesh)
From INR 551",https://www.redbus.in/bus-tickets/hyderabad-to-ananthapur,N/A,N/A,N/A,N/A,N/A,N/A,N/A,13 Seats available
"Hyderabad to Anantapur (andhra pradesh)
From INR 551",https://www.redbus.in/bus-tickets/hyderabad-to-ananthapur,N/A,N/A,N/A,N/A,N/A,N/A,N/A,16 Seats available
"Anantapur (andhra pradesh) to Hyderabad
From INR 579",https://www.redbus.in/bus-tickets/ananthapur-to-hyderabad,Sri Balaji Transports,A/C Sleeper (2+1),22:55,06h 27m,05:22,1000,4.7,7 Seats available
"Anantapur (andhra pradesh) to Hyderabad
From INR 579",https://www.redbus.in/bus-tickets/ananthapur-to-hyderabad,Sri Balaji Transports,A/C Seater / Sleeper (2+1),22:35,06h 52m,05:27,770,4.4,6 Seats available
"Anantapur (andhra pradesh) to Hyderabad
From INR 579",https://www.redbus.in/bus-tickets/ananthapur-to-hyderabad,Meena tours and travels,A/C Sleeper (2+1),22:05,07h 40m,05:45,1090,4.3,8 Seats available
"Anantapur (andhra pradesh) to Hyderabad
From INR 579",https://www.redbus.in/bus-tickets/ananthapur-to-hyderabad,N/A,N/A,N/A,N/A,N/A,N/A,N/A,8 Seats available
"Anantapur (andhra pradesh) to Hyderabad
From INR 579",https://www.redbus.in/bus-tickets/ananthapur-to-hyderabad,N/A,N/A,N/A,N/A,N/A,N/A,N/A,3 Seats available
